{"filename":"/Users/santiagolondono/Documents/IoT_Proto/Function/__azurite_db_blob__.json","collections":[{"name":"$SERVICES_COLLECTION$","data":[],"idIndex":null,"binaryIndices":{},"constraints":null,"uniqueNames":["accountName"],"transforms":{},"objType":"$SERVICES_COLLECTION$","dirty":false,"cachedIndex":null,"cachedBinaryIndex":null,"cachedData":null,"adaptiveBinaryIndices":true,"transactional":false,"cloneObjects":false,"cloneMethod":"parse-stringify","asyncListeners":false,"disableMeta":false,"disableChangesApi":true,"disableDeltaChangesApi":true,"autoupdate":false,"serializableIndices":true,"disableFreeze":true,"ttl":null,"maxId":0,"DynamicViews":[],"events":{"insert":[],"update":[],"pre-insert":[],"pre-update":[],"close":[],"flushbuffer":[],"error":[],"delete":[null],"warning":[null]},"changes":[],"dirtyIds":[]},{"name":"$CONTAINERS_COLLECTION$","data":[{"accountName":"devstoreaccount1","name":"azure-webjobs-hosts","properties":{"etag":"\"0x21683CAF5563080\"","lastModified":"2025-11-03T18:09:26.980Z","leaseStatus":"unlocked","leaseState":"available","hasImmutabilityPolicy":false,"hasLegalHold":false},"meta":{"revision":0,"created":1762193366983,"version":0},"$loki":1},{"accountName":"devstoreaccount1","name":"azure-webjobs-eventhub","properties":{"etag":"\"0x26D9316183C73E0\"","lastModified":"2025-11-03T18:22:26.494Z","leaseStatus":"unlocked","leaseState":"available","hasImmutabilityPolicy":false,"hasLegalHold":false},"meta":{"revision":0,"created":1762194146516,"version":0},"$loki":2}],"idIndex":null,"binaryIndices":{"accountName":{"name":"accountName","dirty":false,"values":[1,0]},"name":{"name":"name","dirty":false,"values":[1,0]}},"constraints":null,"uniqueNames":[],"transforms":{},"objType":"$CONTAINERS_COLLECTION$","dirty":false,"cachedIndex":null,"cachedBinaryIndex":null,"cachedData":null,"adaptiveBinaryIndices":true,"transactional":false,"cloneObjects":false,"cloneMethod":"parse-stringify","asyncListeners":false,"disableMeta":false,"disableChangesApi":true,"disableDeltaChangesApi":true,"autoupdate":false,"serializableIndices":true,"disableFreeze":true,"ttl":null,"maxId":2,"DynamicViews":[],"events":{"insert":[],"update":[],"pre-insert":[],"pre-update":[],"close":[],"flushbuffer":[],"error":[],"delete":[null],"warning":[null]},"changes":[],"dirtyIds":[]},{"name":"$BLOBS_COLLECTION$","data":[{"deleted":false,"metadata":{"FunctionInstance":"000000000000000000000000D058D059"},"accountName":"devstoreaccount1","containerName":"azure-webjobs-hosts","name":"locks/santiagombp-1935026734/host","properties":{"creationTime":"2025-11-03T18:09:26.990Z","lastModified":"2025-11-06T10:43:46.424Z","etag":"\"0x1C4A4782641BCD0\"","contentLength":0,"contentType":"application/octet-stream","contentMD5":{"type":"Buffer","data":[212,29,140,217,143,0,178,4,233,128,9,152,236,248,66,126]},"blobType":"BlockBlob","leaseStatus":"unlocked","leaseState":"available","serverEncrypted":true,"accessTier":"Hot","accessTierInferred":true,"accessTierChangeTime":"2025-11-03T18:09:26.990Z"},"snapshot":"","isCommitted":true,"persistency":{"id":"d383196d-94bd-4afb-b03c-cb76d31cc2c2","offset":0,"count":0},"meta":{"revision":262,"created":1762193367011,"version":0,"updated":1762426111006},"$loki":1},{"deleted":false,"metadata":{"ownerid":""},"accountName":"devstoreaccount1","containerName":"azure-webjobs-eventhub","name":"iothub-ns-iot-protot-55700255-e479b89b63.servicebus.windows.net/iot-prototyping-34365/$default/ownership/0","properties":{"creationTime":"2025-11-03T18:22:27.290Z","lastModified":"2025-11-06T10:48:30.965Z","etag":"\"0x26F928663F4E0C0\"","contentLength":0,"contentType":"application/octet-stream","contentMD5":{"type":"Buffer","data":[212,29,140,217,143,0,178,4,233,128,9,152,236,248,66,126]},"blobType":"BlockBlob","leaseStatus":"unlocked","leaseState":"available","serverEncrypted":true,"accessTier":"Hot","accessTierInferred":true,"accessTierChangeTime":"2025-11-03T18:22:27.290Z"},"snapshot":"","isCommitted":true,"persistency":{"id":"d383196d-94bd-4afb-b03c-cb76d31cc2c2","offset":0,"count":0},"meta":{"revision":84,"created":1762194147324,"version":0,"updated":1762426110965},"$loki":2},{"deleted":false,"metadata":{"ownerid":""},"accountName":"devstoreaccount1","containerName":"azure-webjobs-eventhub","name":"iothub-ns-iot-protot-55700255-e479b89b63.servicebus.windows.net/iot-prototyping-34365/$default/ownership/3","properties":{"creationTime":"2025-11-03T18:22:27.445Z","lastModified":"2025-11-06T10:48:30.972Z","etag":"\"0x1D09EDE60DB0A70\"","contentLength":0,"contentType":"application/octet-stream","contentMD5":{"type":"Buffer","data":[212,29,140,217,143,0,178,4,233,128,9,152,236,248,66,126]},"blobType":"BlockBlob","leaseStatus":"unlocked","leaseState":"available","serverEncrypted":true,"accessTier":"Hot","accessTierInferred":true,"accessTierChangeTime":"2025-11-03T18:22:27.445Z"},"snapshot":"","isCommitted":true,"persistency":{"id":"d383196d-94bd-4afb-b03c-cb76d31cc2c2","offset":0,"count":0},"meta":{"revision":83,"created":1762194147464,"version":0,"updated":1762426110973},"$loki":3},{"deleted":false,"metadata":{"ownerid":""},"accountName":"devstoreaccount1","containerName":"azure-webjobs-eventhub","name":"iothub-ns-iot-protot-55700255-e479b89b63.servicebus.windows.net/iot-prototyping-34365/$default/ownership/2","properties":{"creationTime":"2025-11-03T18:22:27.529Z","lastModified":"2025-11-06T10:48:30.967Z","etag":"\"0x1CD7096336E8100\"","contentLength":0,"contentType":"application/octet-stream","contentMD5":{"type":"Buffer","data":[212,29,140,217,143,0,178,4,233,128,9,152,236,248,66,126]},"blobType":"BlockBlob","leaseStatus":"unlocked","leaseState":"available","serverEncrypted":true,"accessTier":"Hot","accessTierInferred":true,"accessTierChangeTime":"2025-11-03T18:22:27.529Z"},"snapshot":"","isCommitted":true,"persistency":{"id":"d383196d-94bd-4afb-b03c-cb76d31cc2c2","offset":0,"count":0},"meta":{"revision":83,"created":1762194147550,"version":0,"updated":1762426110968},"$loki":4},{"deleted":false,"metadata":{"ownerid":""},"accountName":"devstoreaccount1","containerName":"azure-webjobs-eventhub","name":"iothub-ns-iot-protot-55700255-e479b89b63.servicebus.windows.net/iot-prototyping-34365/$default/ownership/1","properties":{"creationTime":"2025-11-03T18:22:27.613Z","lastModified":"2025-11-06T10:48:30.970Z","etag":"\"0x20B423036F7A3C0\"","contentLength":0,"contentType":"application/octet-stream","contentMD5":{"type":"Buffer","data":[212,29,140,217,143,0,178,4,233,128,9,152,236,248,66,126]},"blobType":"BlockBlob","leaseStatus":"unlocked","leaseState":"available","serverEncrypted":true,"accessTier":"Hot","accessTierInferred":true,"accessTierChangeTime":"2025-11-03T18:22:27.613Z"},"snapshot":"","isCommitted":true,"persistency":{"id":"d383196d-94bd-4afb-b03c-cb76d31cc2c2","offset":0,"count":0},"meta":{"revision":83,"created":1762194147632,"version":0,"updated":1762426110971},"$loki":5},{"deleted":false,"metadata":{"offset":"75328","sequencenumber":"67","clientidentifier":"afcbf740-6b3b-4545-a6a7-bb0677b9fb28"},"accountName":"devstoreaccount1","containerName":"azure-webjobs-eventhub","name":"iothub-ns-iot-protot-55700255-e479b89b63.servicebus.windows.net/iot-prototyping-34365/$default/checkpoint/3","properties":{"creationTime":"2025-11-03T18:22:28.975Z","lastModified":"2025-11-06T10:42:32.311Z","etag":"\"0x2286622E1BAA8A0\"","contentLength":0,"contentType":"application/octet-stream","contentMD5":{"type":"Buffer","data":[212,29,140,217,143,0,178,4,233,128,9,152,236,248,66,126]},"blobType":"BlockBlob","leaseStatus":"unlocked","leaseState":"available","serverEncrypted":true,"accessTier":"Hot","accessTierInferred":true,"accessTierChangeTime":"2025-11-03T18:22:28.975Z"},"snapshot":"","isCommitted":true,"persistency":{"id":"d383196d-94bd-4afb-b03c-cb76d31cc2c2","offset":0,"count":0},"meta":{"revision":21,"created":1762194148997,"version":0,"updated":1762425752313},"$loki":6}],"idIndex":[1,2,3,4,5,6],"binaryIndices":{"accountName":{"name":"accountName","dirty":false,"values":[0,2,4,3,1,5]},"containerName":{"name":"containerName","dirty":false,"values":[2,4,3,1,5,0]},"name":{"name":"name","dirty":false,"values":[5,1,4,3,2,0]},"snapshot":{"name":"snapshot","dirty":false,"values":[0,2,4,3,1,5]}},"constraints":null,"uniqueNames":[],"transforms":{},"objType":"$BLOBS_COLLECTION$","dirty":false,"cachedIndex":null,"cachedBinaryIndex":null,"cachedData":null,"adaptiveBinaryIndices":true,"transactional":false,"cloneObjects":false,"cloneMethod":"parse-stringify","asyncListeners":false,"disableMeta":false,"disableChangesApi":true,"disableDeltaChangesApi":true,"autoupdate":false,"serializableIndices":true,"disableFreeze":true,"ttl":null,"maxId":6,"DynamicViews":[],"events":{"insert":[],"update":[],"pre-insert":[],"pre-update":[],"close":[],"flushbuffer":[],"error":[],"delete":[null],"warning":[null]},"changes":[],"dirtyIds":[]},{"name":"$BLOCKS_COLLECTION$","data":[],"idIndex":null,"binaryIndices":{"accountName":{"name":"accountName","dirty":false,"values":[]},"containerName":{"name":"containerName","dirty":false,"values":[]},"blobName":{"name":"blobName","dirty":false,"values":[]},"name":{"name":"name","dirty":false,"values":[]}},"constraints":null,"uniqueNames":[],"transforms":{},"objType":"$BLOCKS_COLLECTION$","dirty":false,"cachedIndex":null,"cachedBinaryIndex":null,"cachedData":null,"adaptiveBinaryIndices":true,"transactional":false,"cloneObjects":false,"cloneMethod":"parse-stringify","asyncListeners":false,"disableMeta":false,"disableChangesApi":true,"disableDeltaChangesApi":true,"autoupdate":false,"serializableIndices":true,"disableFreeze":true,"ttl":null,"maxId":0,"DynamicViews":[],"events":{"insert":[],"update":[],"pre-insert":[],"pre-update":[],"close":[],"flushbuffer":[],"error":[],"delete":[null],"warning":[null]},"changes":[],"dirtyIds":[]}],"databaseVersion":1.5,"engineVersion":1.5,"autosave":true,"autosaveInterval":5000,"autosaveHandle":null,"throttledSaves":true,"options":{"persistenceMethod":"fs","autosave":true,"autosaveInterval":5000,"serializationMethod":"normal","destructureDelimiter":"$<\n"},"persistenceMethod":"fs","persistenceAdapter":null,"verbose":false,"events":{"init":[null],"loaded":[],"flushChanges":[],"close":[],"changes":[],"warning":[]},"ENV":"NODEJS"}