{
  "IsEncrypted": false,
  "Values": {
    "AzureWebJobsStorage": "UseDevelopmentStorage=true",
    "FUNCTIONS_WORKER_RUNTIME": "node",
    "COSMOS_DB_ENDPOINT":"https://ttn-iot-db.documents.azure.com:443/",
    "COSMOS_DB_KEY":"gnOs2BAn8g3EvCR5f0kaBPI69y4UcIcrOvk3oWxqQmFH9dcmvys5gId2GLeN0mom5U1EdrMFKdDXACDbbOouEA==",
    "eventHubConnectionAppSetting": "Endpoint=sb://iothub-ns-iot-protot-55700255-e479b89b63.servicebus.windows.net/;SharedAccessKeyName=iothubowner;SharedAccessKey=StB+Hpt405pjyVA5Ih8JWgTlbpDYYhskcAIoTDNpq60=;EntityPath=iot-prototyping-34365"
  }
}
